{
  "config": {
    "name": "poc_combined",
    "seed": 42,
    "dataset": "split_mnist",
    "num_tasks": 5,
    "data_root": "./data",
    "model_type": "cnn",
    "feature_dim": 128,
    "num_classes": 10,
    "epochs_per_task": 2,
    "batch_size": 64,
    "lr": 0.001,
    "weight_decay": 0.0,
    "device": "auto",
    "method": "vanilla_replay",
    "ewc_lambda": 400.0,
    "ewc_online": false,
    "ewc_gamma": 0.95,
    "meta_inner_lr": 0.01,
    "meta_inner_steps": 5,
    "meta_lr": 0.001,
    "buffer_size": 200,
    "samples_per_task": null,
    "replay_batch_size": 32,
    "replay_freq": 1,
    "sampling_strategy": "combined",
    "update_features_freq": 30,
    "ps_method": "farthest_point",
    "ps_n_clusters": 10,
    "ps_temperature": 1.0,
    "ts_method": "age_weighted",
    "ts_age_exponent": 1.0,
    "ts_forgetting_weight": 0.5,
    "diversity_weight": 0.5,
    "temporal_weight": 0.5,
    "results_dir": "./results",
    "save_checkpoints": false
  },
  "metrics": {
    "average_accuracy": 85.22604305808409,
    "learning_accuracy": 99.77963195668856,
    "forgetting": {
      "1": 21.41843971631205,
      "2": 12.047012732615087,
      "3": 21.024546424759876,
      "4": 18.27794561933534,
      "5": 0.0
    },
    "average_forgetting": 14.55358889860447,
    "forward_transfer": {
      "1": 50.0,
      "2": 49.75514201762978,
      "3": 50.0,
      "4": 49.79859013091641,
      "5": 49.34442763489662
    },
    "average_forward_transfer": 49.77963195668856,
    "backward_transfer": {
      "1": -21.41843971631205,
      "2": -12.047012732615087,
      "3": -21.024546424759876,
      "4": -18.27794561933534,
      "5": 0.0
    },
    "average_backward_transfer": -14.55358889860447
  }
}