{
  "config": {
    "name": "poc_combined",
    "seed": 42,
    "dataset": "split_mnist",
    "num_tasks": 5,
    "data_root": "./data",
    "model_type": "cnn",
    "feature_dim": 128,
    "num_classes": 10,
    "epochs_per_task": 2,
    "batch_size": 64,
    "lr": 0.001,
    "weight_decay": 0.0,
    "device": "auto",
    "method": "vanilla_replay",
    "ewc_lambda": 400.0,
    "ewc_online": false,
    "ewc_gamma": 0.95,
    "meta_inner_lr": 0.01,
    "meta_inner_steps": 5,
    "meta_lr": 0.001,
    "buffer_size": 200,
    "samples_per_task": null,
    "replay_batch_size": 32,
    "replay_freq": 1,
    "sampling_strategy": "combined",
    "update_features_freq": 30,
    "ps_method": "farthest_point",
    "ps_n_clusters": 10,
    "ps_temperature": 1.0,
    "ts_method": "age_weighted",
    "ts_age_exponent": 1.0,
    "ts_forgetting_weight": 0.5,
    "diversity_weight": 0.5,
    "temporal_weight": 0.5,
    "results_dir": "./results",
    "save_checkpoints": false
  },
  "metrics": {
    "average_accuracy": 84.80933233569058,
    "learning_accuracy": 99.71911758452518,
    "forgetting": {
      "1": 14.846335697399525,
      "2": 10.28403525954947,
      "3": 28.975453575240124,
      "4": 20.443101711983886,
      "5": 0.0
    },
    "average_forgetting": 14.9097852488346,
    "forward_transfer": {
      "1": 50.0,
      "2": 49.75514201762978,
      "3": 50.0,
      "4": 49.79859013091641,
      "5": 49.04185577407968
    },
    "average_forward_transfer": 49.71911758452518,
    "backward_transfer": {
      "1": -14.846335697399525,
      "2": -10.28403525954947,
      "3": -28.975453575240124,
      "4": -20.443101711983886,
      "5": 0.0
    },
    "average_backward_transfer": -14.9097852488346
  }
}