{
  "config": {
    "name": "poc_random",
    "seed": 42,
    "dataset": "split_mnist",
    "num_tasks": 5,
    "data_root": "./data",
    "model_type": "cnn",
    "feature_dim": 128,
    "num_classes": 10,
    "epochs_per_task": 2,
    "batch_size": 64,
    "lr": 0.001,
    "weight_decay": 0.0,
    "device": "auto",
    "method": "vanilla_replay",
    "ewc_lambda": 400.0,
    "ewc_online": false,
    "ewc_gamma": 0.95,
    "meta_inner_lr": 0.01,
    "meta_inner_steps": 5,
    "meta_lr": 0.001,
    "buffer_size": 200,
    "samples_per_task": null,
    "replay_batch_size": 32,
    "replay_freq": 1,
    "sampling_strategy": "random",
    "update_features_freq": 0,
    "ps_method": "farthest_point",
    "ps_n_clusters": 10,
    "ps_temperature": 1.0,
    "ts_method": "age_weighted",
    "ts_age_exponent": 1.0,
    "ts_forgetting_weight": 0.5,
    "diversity_weight": 0.5,
    "temporal_weight": 0.5,
    "results_dir": "./results",
    "save_checkpoints": false
  },
  "metrics": {
    "average_accuracy": 83.85428821895918,
    "learning_accuracy": 99.79656743104997,
    "forgetting": {
      "1": 16.92671394799055,
      "2": 24.975514201762977,
      "3": 20.4375667022412,
      "4": 17.37160120845921,
      "5": 0.0
    },
    "average_forgetting": 15.942279212090787,
    "forward_transfer": {
      "1": 50.0,
      "2": 49.902056807051906,
      "3": 49.78655282817503,
      "4": 49.84894259818731,
      "5": 49.44528492183561
    },
    "average_forward_transfer": 49.79656743104997,
    "backward_transfer": {
      "1": -16.92671394799055,
      "2": -24.975514201762977,
      "3": -20.4375667022412,
      "4": -17.37160120845921,
      "5": 0.0
    },
    "average_backward_transfer": -15.942279212090787
  }
}