{
  "config": {
    "name": "poc_ttt_random",
    "seed": 42,
    "dataset": "split_mnist",
    "num_tasks": 5,
    "data_root": "./data",
    "model_type": "cnn",
    "feature_dim": 128,
    "num_classes": 10,
    "epochs_per_task": 2,
    "batch_size": 64,
    "lr": 0.001,
    "weight_decay": 0.0,
    "device": "auto",
    "method": "ttt",
    "ewc_lambda": 400.0,
    "ewc_online": false,
    "ewc_gamma": 0.95,
    "meta_inner_lr": 0.01,
    "meta_inner_steps": 5,
    "meta_lr": 0.001,
    "ttt_lr": 0.001,
    "ttt_steps": 1,
    "rotation_weight": 1.0,
    "buffer_size": 200,
    "samples_per_task": null,
    "replay_batch_size": 32,
    "replay_freq": 1,
    "sampling_strategy": "random",
    "update_features_freq": 0,
    "ps_method": "farthest_point",
    "ps_n_clusters": 10,
    "ps_temperature": 1.0,
    "ts_method": "age_weighted",
    "ts_age_exponent": 1.0,
    "ts_forgetting_weight": 0.5,
    "diversity_weight": 0.5,
    "temporal_weight": 0.5,
    "results_dir": "./results",
    "save_checkpoints": false
  },
  "metrics": {
    "average_accuracy": 87.9818071068152,
    "learning_accuracy": 99.76963763943297,
    "forgetting": {
      "1": 13.333333333333329,
      "2": 17.335945151811956,
      "3": 18.24973319103522,
      "4": 10.020140986908359,
      "5": 0.0
    },
    "average_forgetting": 11.787830532617772,
    "forward_transfer": {
      "1": 50.0,
      "2": 49.75514201762978,
      "3": 50.0,
      "4": 49.49647532729104,
      "5": 49.59657085224407
    },
    "average_forward_transfer": 49.76963763943298,
    "backward_transfer": {
      "1": -13.333333333333329,
      "2": -17.335945151811956,
      "3": -18.24973319103522,
      "4": -10.020140986908359,
      "5": 0.0
    },
    "average_backward_transfer": -11.787830532617772
  }
}