{
  "config": {
    "name": "ewc_temporal_buf1000",
    "seed": 42,
    "dataset": "split_mnist",
    "num_tasks": 5,
    "data_root": "./data",
    "model_type": "cnn",
    "feature_dim": 128,
    "num_classes": 10,
    "epochs_per_task": 3,
    "batch_size": 64,
    "lr": 0.001,
    "weight_decay": 0.0,
    "device": "auto",
    "method": "ewc",
    "ewc_lambda": 400.0,
    "ewc_online": false,
    "ewc_gamma": 0.95,
    "meta_inner_lr": 0.01,
    "meta_inner_steps": 5,
    "meta_lr": 0.001,
    "buffer_size": 1000,
    "samples_per_task": null,
    "replay_batch_size": 32,
    "replay_freq": 1,
    "sampling_strategy": "temporal",
    "update_features_freq": 0,
    "ps_method": "farthest_point",
    "ps_n_clusters": 10,
    "ps_temperature": 1.0,
    "ts_method": "age_weighted",
    "ts_age_exponent": 1.0,
    "ts_forgetting_weight": 0.5,
    "diversity_weight": 0.5,
    "temporal_weight": 0.5,
    "results_dir": "./results",
    "save_checkpoints": false
  },
  "metrics": {
    "average_accuracy": 96.53395912653589,
    "learning_accuracy": 99.62370631501878,
    "forgetting": {
      "1": 1.7494089834515307,
      "2": 5.533790401567089,
      "3": 2.8281750266808956,
      "4": 5.337361530715015,
      "5": 0.0
    },
    "average_forgetting": 3.0897471884829057,
    "forward_transfer": {
      "1": 50.0,
      "2": 49.95102840352595,
      "3": 49.67982924226254,
      "4": 49.64753272910373,
      "5": 48.840141200201714
    },
    "average_forward_transfer": 49.623706315018794,
    "backward_transfer": {
      "1": -1.7494089834515307,
      "2": -5.533790401567089,
      "3": -2.8281750266808956,
      "4": -5.337361530715015,
      "5": 0.0
    },
    "average_backward_transfer": -3.0897471884829057
  }
}