{
  "config": {
    "name": "ewc_temporal_buf500",
    "seed": 42,
    "dataset": "split_mnist",
    "num_tasks": 5,
    "data_root": "./data",
    "model_type": "cnn",
    "feature_dim": 128,
    "num_classes": 10,
    "epochs_per_task": 3,
    "batch_size": 64,
    "lr": 0.001,
    "weight_decay": 0.0,
    "device": "auto",
    "method": "ewc",
    "ewc_lambda": 400.0,
    "ewc_online": false,
    "ewc_gamma": 0.95,
    "meta_inner_lr": 0.01,
    "meta_inner_steps": 5,
    "meta_lr": 0.001,
    "buffer_size": 500,
    "samples_per_task": null,
    "replay_batch_size": 32,
    "replay_freq": 1,
    "sampling_strategy": "temporal",
    "update_features_freq": 0,
    "ps_method": "farthest_point",
    "ps_n_clusters": 10,
    "ps_temperature": 1.0,
    "ts_method": "age_weighted",
    "ts_age_exponent": 1.0,
    "ts_forgetting_weight": 0.5,
    "diversity_weight": 0.5,
    "temporal_weight": 0.5,
    "results_dir": "./results",
    "save_checkpoints": false
  },
  "metrics": {
    "average_accuracy": 91.84414774017438,
    "learning_accuracy": 99.87754848109941,
    "forgetting": {
      "1": 4.869976359338068,
      "2": 9.843290891283047,
      "3": 15.63500533617929,
      "4": 9.818731117824768,
      "5": 0.0
    },
    "average_forgetting": 8.033400740925035,
    "forward_transfer": {
      "1": 50.0,
      "2": 49.95102840352595,
      "3": 49.83991462113127,
      "4": 49.84894259818731,
      "5": 49.74785678265255
    },
    "average_forward_transfer": 49.87754848109942,
    "backward_transfer": {
      "1": -4.869976359338068,
      "2": -9.843290891283047,
      "3": -15.63500533617929,
      "4": -9.818731117824768,
      "5": 0.0
    },
    "average_backward_transfer": -8.033400740925035
  }
}