{
  "config": {
    "name": "vanilla_replay_random_buf500",
    "seed": 42,
    "dataset": "split_mnist",
    "num_tasks": 5,
    "data_root": "./data",
    "model_type": "cnn",
    "feature_dim": 128,
    "num_classes": 10,
    "epochs_per_task": 3,
    "batch_size": 64,
    "lr": 0.001,
    "weight_decay": 0.0,
    "device": "auto",
    "method": "vanilla_replay",
    "ewc_lambda": 400.0,
    "ewc_online": false,
    "ewc_gamma": 0.95,
    "meta_inner_lr": 0.01,
    "meta_inner_steps": 5,
    "meta_lr": 0.001,
    "buffer_size": 500,
    "samples_per_task": null,
    "replay_batch_size": 32,
    "replay_freq": 1,
    "sampling_strategy": "random",
    "update_features_freq": 0,
    "ps_method": "farthest_point",
    "ps_n_clusters": 10,
    "ps_temperature": 1.0,
    "ts_method": "age_weighted",
    "ts_age_exponent": 1.0,
    "ts_forgetting_weight": 0.5,
    "diversity_weight": 0.5,
    "temporal_weight": 0.5,
    "results_dir": "./results",
    "save_checkpoints": false
  },
  "metrics": {
    "average_accuracy": 94.11749299701863,
    "learning_accuracy": 99.7360720960685,
    "forgetting": {
      "1": 6.288416075650119,
      "2": 7.198824681684627,
      "3": 7.203842049092842,
      "4": 7.401812688821764,
      "5": 0.0
    },
    "average_forgetting": 5.61857909904987,
    "forward_transfer": {
      "1": 50.0,
      "2": 49.60822722820764,
      "3": 49.62646744930629,
      "4": 49.748237663645526,
      "5": 49.69742813918306
    },
    "average_forward_transfer": 49.7360720960685,
    "backward_transfer": {
      "1": -6.288416075650119,
      "2": -7.198824681684627,
      "3": -7.203842049092842,
      "4": -7.401812688821764,
      "5": 0.0
    },
    "average_backward_transfer": -5.61857909904987
  }
}