{
  "config": {
    "name": "vanilla_replay_diversity_buf200",
    "seed": 42,
    "dataset": "split_mnist",
    "num_tasks": 5,
    "data_root": "./data",
    "model_type": "cnn",
    "feature_dim": 128,
    "num_classes": 10,
    "epochs_per_task": 3,
    "batch_size": 64,
    "lr": 0.001,
    "weight_decay": 0.0,
    "device": "auto",
    "method": "vanilla_replay",
    "ewc_lambda": 400.0,
    "ewc_online": false,
    "ewc_gamma": 0.95,
    "meta_inner_lr": 0.01,
    "meta_inner_steps": 5,
    "meta_lr": 0.001,
    "buffer_size": 200,
    "samples_per_task": null,
    "replay_batch_size": 32,
    "replay_freq": 1,
    "sampling_strategy": "diversity",
    "update_features_freq": 50,
    "ps_method": "farthest_point",
    "ps_n_clusters": 10,
    "ps_temperature": 1.0,
    "ts_method": "age_weighted",
    "ts_age_exponent": 1.0,
    "ts_forgetting_weight": 0.5,
    "diversity_weight": 0.5,
    "temporal_weight": 0.5,
    "results_dir": "./results",
    "save_checkpoints": false
  },
  "metrics": {
    "average_accuracy": 86.81991915781029,
    "learning_accuracy": 99.45347484633257,
    "forgetting": {
      "1": 11.63120567375887,
      "2": 19.00097943192948,
      "3": 18.89007470651015,
      "4": 13.64551863041288,
      "5": 0.0
    },
    "average_forgetting": 12.633555688522275,
    "forward_transfer": {
      "1": 50.0,
      "2": 48.23702252693438,
      "3": 49.78655282817503,
      "4": 49.84894259818731,
      "5": 49.394856278366106
    },
    "average_forward_transfer": 49.45347484633256,
    "backward_transfer": {
      "1": -11.63120567375887,
      "2": -19.00097943192948,
      "3": -18.89007470651015,
      "4": -13.64551863041288,
      "5": 0.0
    },
    "average_backward_transfer": -12.633555688522275
  }
}