{
  "config": {
    "name": "vanilla_replay_random_buf1000",
    "seed": 42,
    "dataset": "split_mnist",
    "num_tasks": 5,
    "data_root": "./data",
    "model_type": "cnn",
    "feature_dim": 128,
    "num_classes": 10,
    "epochs_per_task": 3,
    "batch_size": 64,
    "lr": 0.001,
    "weight_decay": 0.0,
    "device": "auto",
    "method": "vanilla_replay",
    "ewc_lambda": 400.0,
    "ewc_online": false,
    "ewc_gamma": 0.95,
    "meta_inner_lr": 0.01,
    "meta_inner_steps": 5,
    "meta_lr": 0.001,
    "buffer_size": 1000,
    "samples_per_task": null,
    "replay_batch_size": 32,
    "replay_freq": 1,
    "sampling_strategy": "random",
    "update_features_freq": 0,
    "ps_method": "farthest_point",
    "ps_n_clusters": 10,
    "ps_temperature": 1.0,
    "ts_method": "age_weighted",
    "ts_age_exponent": 1.0,
    "ts_forgetting_weight": 0.5,
    "diversity_weight": 0.5,
    "temporal_weight": 0.5,
    "results_dir": "./results",
    "save_checkpoints": false
  },
  "metrics": {
    "average_accuracy": 96.13007614317317,
    "learning_accuracy": 99.78051760902636,
    "forgetting": {
      "1": 5.295508274231679,
      "2": 5.1420176297747275,
      "3": 4.64247598719318,
      "4": 3.17220543806647,
      "5": 0.0
    },
    "average_forgetting": 3.6504414658532114,
    "forward_transfer": {
      "1": 50.0,
      "2": 49.510284035259545,
      "3": 49.94663820704376,
      "4": 49.748237663645526,
      "5": 49.69742813918306
    },
    "average_forward_transfer": 49.780517609026376,
    "backward_transfer": {
      "1": -5.295508274231679,
      "2": -5.1420176297747275,
      "3": -4.64247598719318,
      "4": -3.17220543806647,
      "5": 0.0
    },
    "average_backward_transfer": -3.6504414658532114
  }
}